{"train/lr": 2.7547789895038496e-05, "train/vloss": 0.8151154518127441, "train/ploss": 1.8180406093597412, "train/topkloss": 1.7551014423370361, "train/loss": 0.9291633367538452, "train/acc": 0.6179410970008106, "train/top_1_acc": 0.6176708997568224, "train/top_2_acc": 0.7452039989192111, "train/top_3_acc": 0.7941097000810592, "_timestamp": 1739674183.2857811, "_runtime": 5203.462879180908, "_step": 4041, "train/epochtop_1_acc": 0.6776586639413783, "train/epochtop_2_acc": 0.7922518725253884, "train/epochtop_3_acc": 0.8407385937821038, "train/epochacc": 0.6775724039368343, "train/epochloss": 0.8590631821239391, "_wandb": {"runtime": 5204}}