{"train/lr": 2.7547789895038496e-05, "train/vloss": 0.840398907661438, "train/ploss": 2.2199759483337402, "train/topkloss": 2.1557788848876953, "train/loss": 0.949401319026947, "train/acc": 0.5487706025398541, "train/top_1_acc": 0.5468792218319373, "train/top_2_acc": 0.6738719265063496, "train/top_3_acc": 0.7368278843555796, "_timestamp": 1739674161.0558078, "_runtime": 5183.891182899475, "_step": 4041, "train/epochtop_1_acc": 0.5937225612444753, "train/epochtop_2_acc": 0.7182684273147969, "train/epochtop_3_acc": 0.7757326721931646, "train/epochacc": 0.5936331108481493, "train/epochloss": 0.8961496576629929, "_wandb": {"runtime": 5184}}