{"_runtime":46125.871141429,"test/4_acc":0.12341897132297819,"_timestamp":1.7367556936484506e+09,"train/top_3_acc":0.9326513213981245,"train/top_2_acc":0.8962063086104007,"test/epochloss":0.7320162153020151,"train/ploss":0.8845472931861877,"train/lr":1.7323609022556392e-05,"_step":85034,"train/top_1_acc":0.803921568627451,"train/epochacc":0.8187059779492304,"_wandb":{"runtime":46134},"train/epochloss":0.7149058177277497,"train/epochtop_1_acc":0.8185814884147534,"train/epochtop_2_acc":0.9052051860323527,"test/top_3_acc":0.919655333098341,"test/0_acc":0.7962717378875004,"train/vloss":0.65329909324646,"test/top_1_acc":0.7925088259929587,"test/3_acc":0.19403410442577337,"test/1_acc":0.5014357366156885,"test/2_acc":0.31127935606041,"test/epochacc":0.792591516475349,"train/loss":0.7417538166046143,"test/top_2_acc":0.885912427860661,"train/acc":0.8032821824381927,"train/epochtop_3_acc":0.9351421808843343}